USE CODEGNAN;
CREATE TABLE EMP (ID INT PRIMARY KEY, NAME VARCHAR(50) NOT NULL, MOBILE BIGINT UNIQUE, ADDRESS VARCHAR(100) DEFAULT "HYD");
DESC EMP ;
INSERT INTO EMP (ID,NAME,MOBILE,ADDRESS) VALUES(1,"SAI",3276497289,"NELLORE");
SELECT * FROM EMP;
INSERT INTO EMP (ID,NAME,MOBILE) VALUES(2,"VARDHAN",3769279828);
CREATE TABLE EMP1(ID INT PRIMARY KEY AUTO_INCREMENT, NAME VARCHAR(100) NOT NULL DEFAULT "NAME", MOBILE BIGINT UNIQUE,ADDRESS VARCHAR(100) DEFAULT "HYD");
INSERT INTO EMP1(NAME,MOBILE,ADDRESS) VALUES("SAI","376472699","HYD");
SELECT * FROM EMP1;
INSERT INTO EMP1(MOBILE) VALUES (376496497);
INSERT INTO EMP1(MOBILE) VALUES (3764762987);
CREATE TABLE EMP2(
     ID INT PRIMARY KEY AUTO_INCREMENT,
     NAME VARCHAR(50) NOT NULL,
     AGE INT NOT NULL ,
     SALARY BIGINT,
     MOBILE BIGINT UNIQUE ,
     CHECK ((AGE>=18)AND (SALARY>=25000))
 );
 INSERT INTO EMP2 (NAME,AGE,SALARY,MOBILE) VALUES("KRISHNA",24,34000,67584893975);
 INSERT INTO EMP2 (NAME,AGE,SALARY,MOBILE) VALUES("MOUNI",23,19000,9798723679);
 INSERT INTO EMP2 (NAME,AGE,SALARY,MOBILE) VALUES("CHAITU",17,26000,9767566789);
 INSERT INTO EMP2 (NAME,AGE,SALARY,MOBILE) VALUES("NIKHIL",19,54000,877654790);
 INSERT INTO EMP2 (NAME,AGE,SALARY,MOBILE) VALUES("TARUN",25,67000,9753546783);
 INSERT INTO EMP2 (NAME,AGE,SALARY,MOBILE) VALUES("KAVITHA",15,20000,7489202648);
 SELECT *FROM EMP2;
 CREATE TABLE EMP3(ID INT PRIMARY KEY AUTO_INCREMENT,NAME VARCHAR(50) NOT NULL,AGE INT NOT NULL ,SALARY BIGINT,MOBILE BIGINT UNIQUE ,CHECK ((AGE>=18)AND (SALARY>=25000)));
 INSERT INTO EMP3 (NAME,AGE,SALARY,MOBILE) VALUES("KRISHNA",24,34000,67584893975);
 INSERT INTO EMP3 (NAME,AGE,SALARY,MOBILE) VALUES("MOUNI",23,19000,9798723679);
 INSERT INTO EMP3 (NAME,AGE,SALARY,MOBILE) VALUES("CHAITU",17,26000,9767566789);
 INSERT INTO EMP3 (NAME,AGE,SALARY,MOBILE) VALUES("NIKHIL",19,54000,877654790);
 INSERT INTO EMP3 (NAME,AGE,SALARY,MOBILE) VALUES("TARUN",25,67000,9753546783);
 SELECT * FROM EMP3;
 CREATE TABLE EMP4(
     ID INT PRIMARY KEY AUTO_INCREMENT,
     NAME VARCHAR(50) NOT NULL,
     AGE INT NOT NULL ,
     SALARY BIGINT,
     MOBILE BIGINT UNIQUE ,
     CHECK (AGE >=18)
 );
 INSERT INTO EMP4 (NAME,AGE,SALARY,MOBILE) VALUES("KRISHNA",24,34000,67584893975);
 INSERT INTO EMP4 (NAME,AGE,SALARY,MOBILE) VALUES("MOUNI",23,19000,9798723679);
 INSERT INTO EMP4 (NAME,AGE,SALARY,MOBILE) VALUES("CHAITU",17,26000,9767566789);
 INSERT INTO EMP4 (NAME,AGE,SALARY,MOBILE) VALUES("NIKHIL",19,54000,877654790);
 INSERT INTO EMP4 (NAME,AGE,SALARY,MOBILE) VALUES("TARUN",25,67000,9753546783);
 INSERT INTO EMP4 (NAME,AGE,SALARY,MOBILE) VALUES("KAVITHA",15,20000,7489202648);
 SELECT * FROM EMP4;
 CREATE TABLE USERS( USER_ID INT PRIMARY KEY NOT NULL, NAME VARCHAR (10) NOT NULL, AGE INT NOT NULL);
CREATE TABLE ORDERS(
  	ORDER_ID INT PRIMARY KEY ,
      PRODUCT_NAME VARCHAR (50),
      PRICE INT DEFAULT 0,
      UID INT NOT NULL,
      FOREIGN KEY (UID) REFERENCES USERS (USER_ID)
 );
 DESC USERS;
 DESC ORDERS;
 INSERT INTO USERS VALUES(1,"SAI",23);
 INSERT INTO USERS VALUES(2,"VARUN",25);
 SELECT * FROM USERS;
 INSERT INTO ORDERS VALUES(101,"SOAP",60,1);
 INSERT INTO ORDERS VALUES(102,"BAG",200,2);
 INSERT INTO ORDERS VALUES(103,"PEN",10,1);
 SELECT * FROM USERS;
 SELECT * FROM ORDERS;
 INSERT INTO ORDERS VALUES(102,"PEN",10,1); -- //// RISE AN ERROR 
 
 
 
